<?xml version="1.0" encoding="utf-8"?>
<!--/909309/1363165/2.50/2/3/TVS Diode (Uni-directional)/-->
<quadcept_library>
  <setting unit="mil" />
  <textstyle name="Default" height="47.244094488189" strokewidth="7.8740157480315" charwidth="47.244094488189" />
  <textstyle name="Dimension" height="19.6850393700787" strokewidth="0" charwidth="19.6850393700787" />
  <textstyle name="H127W0635TH00762" height="50" strokewidth="3" charwidth="25" />
  <textstyle name="H15W15TH02" height="59.0551181102362" strokewidth="7.8740157480315" charwidth="59.0551181102362" />
  <padstyle name="r220_215" surface="True" plated="False" isvia="False" nopaste="False" nomask="True" complex="False" holesize="0">
    <padshape layer="TOP" shape="rectangle" width="84.645669291338" height="86.614173228345" />
    <padshape layer="TOP_SOLDER_MASK" shape="rectangle" width="92.519685039369" height="94.488188976377" />
    <padshape layer="TOP_SOLDER_PASTE" shape="rectangle" width="84.645669291338" height="86.614173228345" />
  </padstyle>
  <footprint name="DIOM5443X244N" originx="0" originy="0" pickpointx="0" pickpointy="0">
    <pcbpin number="1" name="1" style="r220_215" originx="-86.614173228345" originy="0" rotation="90" />
    <pcbpin number="2" name="2" style="r220_215" originx="86.614173228345" originy="0" rotation="90" />
    <line layer="TOP_PLACE_BOUND" originx="-139.76377952756" originy="99.803149606298" endx="139.76377952756" endy="99.803149606298" width="1.9685039370079" />
    <line layer="TOP_PLACE_BOUND" originx="139.76377952756" originy="99.803149606298" endx="139.76377952756" endy="-99.803149606298" width="1.9685039370079" />
    <line layer="TOP_PLACE_BOUND" originx="139.76377952756" originy="-99.803149606298" endx="-139.76377952756" endy="-99.803149606298" width="1.9685039370079" />
    <line layer="TOP_PLACE_BOUND" originx="-139.76377952756" originy="-99.803149606298" endx="-139.76377952756" endy="99.803149606298" width="1.9685039370079" />
    <line layer="TOP_ASSEMBLY" originx="-106.29921259842" originy="84.960629921259" endx="106.29921259842" endy="84.960629921259" width="3.9370078740157" />
    <line layer="TOP_ASSEMBLY" originx="106.29921259842" originy="84.960629921259" endx="106.29921259842" endy="-84.960629921259" width="3.9370078740157" />
    <line layer="TOP_ASSEMBLY" originx="106.29921259842" originy="-84.960629921259" endx="-106.29921259842" endy="-84.960629921259" width="3.9370078740157" />
    <line layer="TOP_ASSEMBLY" originx="-106.29921259842" originy="-84.960629921259" endx="-106.29921259842" endy="84.960629921259" width="3.9370078740157" />
    <line layer="TOP_ASSEMBLY" originx="-106.29921259842" originy="42.59842519685" endx="-63.976377952755" endy="84.960629921259" width="3.9370078740157" />
    <line layer="TOP_SILKSCREEN" originx="106.29921259842" originy="84.960629921259" endx="-128.93700787401" endy="84.960629921259" width="7.8740157480314" />
    <line layer="TOP_SILKSCREEN" originx="-106.29921259842" originy="-84.960629921259" endx="106.29921259842" endy="-84.960629921259" width="7.8740157480314" />
  </footprint>
  <symbol name="SMBJ7.0A" originx="0" originy="0">
    <line originx="200" originy="0" endx="400" endy="100" width="0" />
    <line originx="400" originy="-100" endx="400" endy="100" width="0" />
    <line originx="400" originy="-100" endx="200" endy="0" width="0" />
    <line originx="200" originy="-80" endx="240" endy="-100" width="0" />
    <line originx="200" originy="-80" endx="200" endy="80" width="0" />
    <line originx="160" originy="100" endx="200" endy="80" width="0" />
    <sympin number="1" originx="200" originy="0" rotation="180" length="100" width="7.8740157480315" flipped="False">
      <text name="pinname" originx="0" originy="-20" style="Default" rotation="0" justify="upperleft" flipped="False" hidden="True" data="K" />
      <text name="pindes" originx="0" originy="20" style="Default" rotation="0" justify="lowerleft" flipped="False" hidden="False" data="1" />
    </sympin>
    <sympin number="2" originx="400" originy="0" rotation="0" length="100" width="7.8740157480315" flipped="False">
      <text name="pinname" originx="600" originy="-20" style="Default" rotation="0" justify="upperright" flipped="False" hidden="True" data="A" />
      <text name="pindes" originx="600" originy="20" style="Default" rotation="0" justify="lowerright" flipped="False" hidden="False" data="2" />
    </sympin>
  </symbol>
  <component name="SMBJ7.0A" designatorprefix="D" height="96.062992125983" footprint="DIOM5443X244N">
    <comppin designator="1" sympin="1" pinswap="0" gateswap="0" gate="1" group="1" side="" type="Any" name="K" />
    <comppin designator="2" sympin="2" pinswap="0" gateswap="0" gate="1" group="1" side="" type="Any" name="A" />
    <attached_symbol gate="1" name="SMBJ7.0A" />
    <pinmap designator="1" footprintpin="1" />
    <pinmap designator="2" footprintpin="2" />
    <text name="Datasheet" originx="0" originy="0" style="Default" rotation="0" justify="" flipped="False" hidden="True" data="https://www.bourns.com/docs/Product-Datasheets/SMBJ.pdf" />
    <text name="Description" originx="0" originy="0" style="Default" rotation="0" justify="" flipped="False" hidden="True" data="ESD Suppressors / TVS Diodes 7volts 200uA 50 Amps Uni-Dir" />
    <text name="Mouser Part Number" originx="0" originy="0" style="Default" rotation="0" justify="" flipped="False" hidden="True" data="652-SMBJ7.0A" />
    <text name="Mouser Price/Stock" originx="0" originy="0" style="Default" rotation="0" justify="" flipped="False" hidden="True" data="https://www.mouser.co.uk/ProductDetail/Bourns/SMBJ7.0A?qs=%252Bf8Cd6aE5bwMIb6NdbDGfg%3D%3D" />
    <text name="Manufacturer_Name" originx="0" originy="0" style="Default" rotation="0" justify="" flipped="False" hidden="True" data="Bourns" />
    <text name="Manufacturer_Part_Number" originx="400" originy="250" style="Default" rotation="0" justify="lowerleft" flipped="False" hidden="False" data="SMBJ7.0A" />
  </component>
</quadcept_library>
