<?xml version="1.0" encoding="utf-8"?>
<!--/14008005/1363165/2.50/4/2/Power Supply/-->
<quadcept_library>
  <setting unit="mil" />
  <textstyle name="Default" height="47.244094488189" strokewidth="7.8740157480315" charwidth="47.244094488189" />
  <textstyle name="Dimension" height="19.6850393700787" strokewidth="0" charwidth="19.6850393700787" />
  <textstyle name="H127W0635TH00762" height="50" strokewidth="3" charwidth="25" />
  <textstyle name="H15W15TH02" height="59.0551181102362" strokewidth="7.8740157480315" charwidth="59.0551181102362" />
  <padstyle name="c225_h150" surface="False" plated="True" isvia="False" nopaste="True" nomask="True" complex="False" holesize="59.055118110235">
    <padshape layer="TOP" shape="round" width="88.582677165353" height="88.582677165353" />
    <padshape layer="TOP_SOLDER_MASK" shape="round" width="96.456692913385" height="96.456692913385" />
    <padshape layer="INNER" shape="round" width="88.582677165353" height="88.582677165353" />
    <padshape layer="BOTTOM" shape="round" width="88.582677165353" height="88.582677165353" />
    <padshape layer="BOTTOM_SOLDER_MASK" shape="round" width="96.456692913385" height="96.456692913385" />
  </padstyle>
  <padstyle name="s225_h150" surface="False" plated="True" isvia="False" nopaste="True" nomask="True" complex="False" holesize="59.055118110235">
    <padshape layer="TOP" shape="square" width="88.582677165353" height="88.582677165353" />
    <padshape layer="TOP_SOLDER_MASK" shape="square" width="96.456692913385" height="96.456692913385" />
    <padshape layer="INNER" shape="square" width="88.582677165353" height="88.582677165353" />
    <padshape layer="BOTTOM" shape="square" width="88.582677165353" height="88.582677165353" />
    <padshape layer="BOTTOM_SOLDER_MASK" shape="square" width="96.456692913385" height="96.456692913385" />
  </padstyle>
  <footprint name="PSK15D15" originx="0" originy="0" pickpointx="0" pickpointy="0">
    <pcbpin number="1" name="1" style="s225_h150" originx="0" originy="0" rotation="90" />
    <pcbpin number="2" name="2" style="c225_h150" originx="0" originy="-423.22834645669" rotation="90" />
    <pcbpin number="3" name="3" style="c225_h150" originx="1515.748031496" originy="-423.22834645669" rotation="90" />
    <pcbpin number="4" name="4" style="c225_h150" originx="1515.748031496" originy="-108.26771653543" rotation="90" />
    <line layer="TOP_ASSEMBLY" originx="-179.13385826771" originy="-586.61417322834" endx="1694.8818897638" endy="-586.61417322834" width="3.9370078740157" />
    <line layer="TOP_ASSEMBLY" originx="1694.8818897638" originy="-586.61417322834" endx="1694.8818897638" endy="468.50393700787" width="3.9370078740157" />
    <line layer="TOP_ASSEMBLY" originx="1694.8818897638" originy="468.50393700787" endx="-179.13385826771" endy="468.50393700787" width="3.9370078740157" />
    <line layer="TOP_ASSEMBLY" originx="-179.13385826771" originy="468.50393700787" endx="-179.13385826771" endy="-586.61417322834" width="3.9370078740157" />
    <line layer="TOP_PLACE_BOUND" originx="-218.50393700787" originy="507.87401574803" endx="1734.2519685039" endy="507.87401574803" width="3.9370078740157" />
    <line layer="TOP_PLACE_BOUND" originx="1734.2519685039" originy="507.87401574803" endx="1734.2519685039" endy="-625.9842519685" width="3.9370078740157" />
    <line layer="TOP_PLACE_BOUND" originx="1734.2519685039" originy="-625.9842519685" endx="-218.50393700787" endy="-625.9842519685" width="3.9370078740157" />
    <line layer="TOP_PLACE_BOUND" originx="-218.50393700787" originy="-625.9842519685" endx="-218.50393700787" endy="507.87401574803" width="3.9370078740157" />
    <line layer="TOP_SILKSCREEN" originx="-179.13385826771" originy="468.50393700787" endx="1694.8818897638" endy="468.50393700787" width="7.8740157480314" />
    <line layer="TOP_SILKSCREEN" originx="1694.8818897638" originy="468.50393700787" endx="1694.8818897638" endy="-586.61417322834" width="7.8740157480314" />
    <line layer="TOP_SILKSCREEN" originx="1694.8818897638" originy="-586.61417322834" endx="-179.13385826771" endy="-586.61417322834" width="7.8740157480314" />
    <line layer="TOP_SILKSCREEN" originx="-179.13385826771" originy="-586.61417322834" endx="-179.13385826771" endy="468.50393700787" width="7.8740157480314" />
    <line layer="TOP_SILKSCREEN" originx="-200.7874015748" originy="0" endx="-200.7874015748" endy="0" width="3.9370078740157" />
    <arc layer="TOP_SILKSCREEN" originx="-198.81889763779" originy="0" startangle="-180.0" sweepangle="180.0" radius="1.9685039370079" width="3.9370078740157" />
    <line layer="TOP_SILKSCREEN" originx="-196.85039370078" originy="0" endx="-196.85039370078" endy="0" width="3.9370078740157" />
    <arc layer="TOP_SILKSCREEN" originx="-198.81889763779" originy="0" startangle=".0" sweepangle="180.0" radius="1.9685039370079" width="3.9370078740157" />
  </footprint>
  <symbol name="PSK-15D-15" originx="0" originy="0">
    <line originx="200" originy="100" endx="900" endy="100" width="0" />
    <line originx="900" originy="-200" endx="900" endy="100" width="0" />
    <line originx="900" originy="-200" endx="200" endy="-200" width="0" />
    <line originx="200" originy="100" endx="200" endy="-200" width="0" />
    <sympin number="1" originx="200" originy="0" rotation="180" length="100" width="7.8740157480315" flipped="False">
      <text name="pinname" originx="230" originy="0" style="Default" rotation="0" justify="left" flipped="False" hidden="False" data="AC(L)" />
      <text name="pindes" originx="140" originy="20" style="Default" rotation="0" justify="lowerright" flipped="False" hidden="False" data="1" />
    </sympin>
    <sympin number="2" originx="200" originy="-100" rotation="180" length="100" width="7.8740157480315" flipped="False">
      <text name="pinname" originx="230" originy="-100" style="Default" rotation="0" justify="left" flipped="False" hidden="False" data="AC(N)" />
      <text name="pindes" originx="140" originy="-80" style="Default" rotation="0" justify="lowerright" flipped="False" hidden="False" data="2" />
    </sympin>
    <sympin number="3" originx="900" originy="-100" rotation="0" length="100" width="7.8740157480315" flipped="False">
      <text name="pinname" originx="870" originy="-100" style="Default" rotation="0" justify="right" flipped="False" hidden="False" data="-VO" />
      <text name="pindes" originx="960" originy="-80" style="Default" rotation="0" justify="lowerleft" flipped="False" hidden="False" data="3" />
    </sympin>
    <sympin number="4" originx="900" originy="0" rotation="0" length="100" width="7.8740157480315" flipped="False">
      <text name="pinname" originx="870" originy="0" style="Default" rotation="0" justify="right" flipped="False" hidden="False" data="+VO" />
      <text name="pindes" originx="960" originy="20" style="Default" rotation="0" justify="lowerleft" flipped="False" hidden="False" data="4" />
    </sympin>
  </symbol>
  <component name="PSK-15D-15" designatorprefix="PS" height="944.88188976377" footprint="PSK15D15">
    <comppin designator="1" sympin="1" pinswap="0" gateswap="0" gate="1" group="1" side="" type="Any" name="AC(L)" />
    <comppin designator="2" sympin="2" pinswap="0" gateswap="0" gate="1" group="1" side="" type="Any" name="AC(N)" />
    <comppin designator="3" sympin="3" pinswap="0" gateswap="0" gate="1" group="1" side="" type="Any" name="-VO" />
    <comppin designator="4" sympin="4" pinswap="0" gateswap="0" gate="1" group="1" side="" type="Any" name="+VO" />
    <attached_symbol gate="1" name="PSK-15D-15" />
    <pinmap designator="1" footprintpin="1" />
    <pinmap designator="2" footprintpin="2" />
    <pinmap designator="3" footprintpin="3" />
    <pinmap designator="4" footprintpin="4" />
    <text name="Datasheet" originx="0" originy="0" style="Default" rotation="0" justify="" flipped="False" hidden="True" data="https://www.cui.com/product/resource/psk-15d.pdf" />
    <text name="Description" originx="0" originy="0" style="Default" rotation="0" justify="" flipped="False" hidden="True" data="AC/DC Power Modules ac-dc, 15 W, 15 Vdc, single output, encapsulated PCB, 85~305 Vac" />
    <text name="Mouser Part Number" originx="0" originy="0" style="Default" rotation="0" justify="" flipped="False" hidden="True" data="490-PSK-15D-15" />
    <text name="Mouser Price/Stock" originx="0" originy="0" style="Default" rotation="0" justify="" flipped="False" hidden="True" data="https://www.mouser.co.uk/ProductDetail/CUI-Inc/PSK-15D-15?qs=DRkmTr78QATxDRJPOzDh%252BA%3D%3D" />
    <text name="Manufacturer_Name" originx="0" originy="0" style="Default" rotation="0" justify="" flipped="False" hidden="True" data="CUI Inc." />
    <text name="Manufacturer_Part_Number" originx="950" originy="200" style="Default" rotation="0" justify="left" flipped="False" hidden="False" data="PSK-15D-15" />
  </component>
</quadcept_library>
